Sl. No.,Districts/ States,Top 5 Commodities,Products/Services identified with Export Potential,Value of Export (in US$ Million)
1,Jamnagar (Gujarat),1. Petroleum Products,"Jamnagari Bandhani, Brass Articles",19260.2
2,Jamnagar (Gujarat),2. Organic And Inorganic Chemicals,"Jamnagari Bandhani, Brass Articles",1794.57
3,Jamnagar (Gujarat),3. Plastic And Linoleum,"Jamnagari Bandhani, Brass Articles",410.54
4,Jamnagar (Gujarat),4. Engineering Goods,"Jamnagari Bandhani, Brass Articles",218.68
5,Jamnagar (Gujarat),"5. Mica, Coal And Other Ores, Minerals Including Process","Jamnagari Bandhani, Brass Articles",116.59
6,Total of top 5 commodities,Total of top 5 commodities,Total of top 5 commodities,21800.58
7,Total export of District,Total export of District,Total export of District,22110.6
8,Surat (Gujarat),1. Gems And Jewellery,"Textile, Banana, Surat Zari Craft, Pomegranate",6872.54
9,Surat (Gujarat),2. Engineering Goods,"Textile, Banana, Surat Zari Craft, Pomegranate",1262.74
10,Surat (Gujarat),3. Man-Made Yarn/Fabs./Madeups Etc.,"Textile, Banana, Surat Zari Craft, Pomegranate",336.75
11,Surat (Gujarat),4. Organic And Inorganic Chemicals,"Textile, Banana, Surat Zari Craft, Pomegranate",255.52
12,Surat (Gujarat),"5. Cotton Yarn/Fabs./Madeups, Handloom Products Etc.","Textile, Banana, Surat Zari Craft, Pomegranate",191.04
13,Total of top 5 commodities,Total of top 5 commodities,Total of top 5 commodities,8918.59
14,Total export of District,Total export of District,Total export of District,9693.91
15,Mumbai (Maharashtra),1. Gems And Jewellery,"Gems and Jewellery, Engineering, Pharmaceuticals, Chemicals, Textile, Leather, Plastics, Financial Services and Accounting & Auditing Services, Legal Services, Transport and Logistics Services, Management consulting services",3363.15
16,Mumbai (Maharashtra),2. Engineering Goods,"Gems and Jewellery, Engineering, Pharmaceuticals, Chemicals, Textile, Leather, Plastics, Financial Services and Accounting & Auditing Services, Legal Services, Transport and Logistics Services, Management consulting services",1604.98
17,Mumbai (Maharashtra),3. Petroleum Products,"Gems and Jewellery, Engineering, Pharmaceuticals, Chemicals, Textile, Leather, Plastics, Financial Services and Accounting & Auditing Services, Legal Services, Transport and Logistics Services, Management consulting services",582.94
18,Mumbai (Maharashtra),4. Rmg Of All Textiles,"Gems and Jewellery, Engineering, Pharmaceuticals, Chemicals, Textile, Leather, Plastics, Financial Services and Accounting & Auditing Services, Legal Services, Transport and Logistics Services, Management consulting services",536.04
19,Mumbai (Maharashtra),5. Organic And Inorganic Chemicals,"Gems and Jewellery, Engineering, Pharmaceuticals, Chemicals, Textile, Leather, Plastics, Financial Services and Accounting & Auditing Services, Legal Services, Transport and Logistics Services, Management consulting services",265.67
20,Total of top 5 commodities,Total of top 5 commodities,Total of top 5 commodities,6352.78
21,Total export of District,Total export of District,Total export of District,7823.18
22,Mumbai Suburban (Maharashtra),1. Gems And Jewellery,"Gems and Jewellery, Engineering, Pharmaceuticals, Chemicals, Textile, Leather, Plastics, Financial Services and Accounting & Auditing Services, Information Technology & Information Technology enabled Services (IT & ITeS), Communication Services (Audio Visual Services - Motion picture and Video Tape production and distribution service), Management consulting Services, Engineering Services",6745.53
23,Mumbai Suburban (Maharashtra),2. Engineering Goods,"Gems and Jewellery, Engineering, Pharmaceuticals, Chemicals, Textile, Leather, Plastics, Financial Services and Accounting & Auditing Services, Information Technology & Information Technology enabled Services (IT & ITeS), Communication Services (Audio Visual Services - Motion picture and Video Tape production and distribution service), Management consulting Services, Engineering Services",465.91
24,Mumbai Suburban (Maharashtra),3. Rmg Of All Textiles,"Gems and Jewellery, Engineering, Pharmaceuticals, Chemicals, Textile, Leather, Plastics, Financial Services and Accounting & Auditing Services, Information Technology & Information Technology enabled Services (IT & ITeS), Communication Services (Audio Visual Services - Motion picture and Video Tape production and distribution service), Management consulting Services, Engineering Services",85.17
25,Mumbai Suburban (Maharashtra),4. Organic And Inorganic Chemicals,"Gems and Jewellery, Engineering, Pharmaceuticals, Chemicals, Textile, Leather, Plastics, Financial Services and Accounting & Auditing Services, Information Technology & Information Technology enabled Services (IT & ITeS), Communication Services (Audio Visual Services - Motion picture and Video Tape production and distribution service), Management consulting Services, Engineering Services",83.79
26,Mumbai Suburban (Maharashtra),"5. Meat, Dairy And Poultry Products","Gems and Jewellery, Engineering, Pharmaceuticals, Chemicals, Textile, Leather, Plastics, Financial Services and Accounting & Auditing Services, Information Technology & Information Technology enabled Services (IT & ITeS), Communication Services (Audio Visual Services - Motion picture and Video Tape production and distribution service), Management consulting Services, Engineering Services",74.47
27,Total of top 5 commodities,Total of top 5 commodities,Total of top 5 commodities,7454.87
28,Total export of District,Total export of District,Total export of District,7717.53
29,Pune (Maharashtra),1. Engineering Goods,"Purandhar Fig, Automobile and Engineering Goods, Agriculture products, Pharmaceuticals, Electronics products, Pomegranate, Grapes",3528.83
30,Pune (Maharashtra),2. Drugs And Pharmaceuticals,"Purandhar Fig, Automobile and Engineering Goods, Agriculture products, Pharmaceuticals, Electronics products, Pomegranate, Grapes",464.78
31,Pune (Maharashtra),3. Electronic Goods,"Purandhar Fig, Automobile and Engineering Goods, Agriculture products, Pharmaceuticals, Electronics products, Pomegranate, Grapes",366.04
32,Pune (Maharashtra),4. Organic And Inorganic Chemicals,"Purandhar Fig, Automobile and Engineering Goods, Agriculture products, Pharmaceuticals, Electronics products, Pomegranate, Grapes",215.47
33,Pune (Maharashtra),5. Plastic And Linoleum,"Purandhar Fig, Automobile and Engineering Goods, Agriculture products, Pharmaceuticals, Electronics products, Pomegranate, Grapes",87.61
34,Total of top 5 commodities,Total of top 5 commodities,Total of top 5 commodities,4662.73
35,Total export of District,Total export of District,Total export of District,5392.86
36,Bharuch (Gujarat),1. Organic And Inorganic Chemicals,"Chemicals, Banana",2268.54
37,Bharuch (Gujarat),2. Engineering Goods,"Chemicals, Banana",810.39
38,Bharuch (Gujarat),3. Plastic And Linoleum,"Chemicals, Banana",570.46
39,Bharuch (Gujarat),4. Drugs And Pharmaceuticals,"Chemicals, Banana",406.06
40,Bharuch (Gujarat),"5. Cotton Yarn/Fabs./Madeups, Handloom Products Etc.","Chemicals, Banana",108.01
41,Total of top 5 commodities,Total of top 5 commodities,Total of top 5 commodities,4163.46
42,Total export of District,Total export of District,Total export of District,4695.14
43,Kanchipuram (Tamil Nadu),1. Engineering Goods,"Engineering and Auto components, Silk weaving, Textile garments, Software, Food Processing, Tourism - Heritage and medical, Kanchipuram Silk",3442.3
44,Kanchipuram (Tamil Nadu),2. Electronic Goods,"Engineering and Auto components, Silk weaving, Textile garments, Software, Food Processing, Tourism - Heritage and medical, Kanchipuram Silk",653.98
45,Kanchipuram (Tamil Nadu),3. Drugs And Pharmaceuticals,"Engineering and Auto components, Silk weaving, Textile garments, Software, Food Processing, Tourism - Heritage and medical, Kanchipuram Silk",105.03
46,Kanchipuram (Tamil Nadu),4. Rmg Of All Textiles,"Engineering and Auto components, Silk weaving, Textile garments, Software, Food Processing, Tourism - Heritage and medical, Kanchipuram Silk",80.47
47,Kanchipuram (Tamil Nadu),5. Plastic And Linoleum,"Engineering and Auto components, Silk weaving, Textile garments, Software, Food Processing, Tourism - Heritage and medical, Kanchipuram Silk",70.02
48,Total of top 5 commodities,Total of top 5 commodities,Total of top 5 commodities,4351.8
49,Total export of District,Total export of District,Total export of District,4587.56
50,Ahmedabad (Gujarat),1. Drugs And Pharmaceuticals,"Pharma, Textile, Engineering, Plastics",1218.54
51,Ahmedabad (Gujarat),2. Engineering Goods,"Pharma, Textile, Engineering, Plastics",1139.32
52,Ahmedabad (Gujarat),"3. Cotton Yarn/Fabs./Madeups, Handloom Products Etc.","Pharma, Textile, Engineering, Plastics",418.41
53,Ahmedabad (Gujarat),4. Organic And Inorganic Chemicals,"Pharma, Textile, Engineering, Plastics",259.31
54,Ahmedabad (Gujarat),5. Rice,"Pharma, Textile, Engineering, Plastics",247.95
55,Total of top 5 commodities,Total of top 5 commodities,Total of top 5 commodities,3283.53
56,Total export of District,Total export of District,Total export of District,4439.12
57,Gautam Buddha Nagar (Uttar Pradesh),1. Electronic Goods,"Readymade Garments, Basmati Rice, Meat, Electronic Goods, Engineering Goods",1294.45
58,Gautam Buddha Nagar (Uttar Pradesh),2. Engineering Goods,"Readymade Garments, Basmati Rice, Meat, Electronic Goods, Engineering Goods",859.66
59,Gautam Buddha Nagar (Uttar Pradesh),3. Rmg Of All Textiles,"Readymade Garments, Basmati Rice, Meat, Electronic Goods, Engineering Goods",706.85
60,Gautam Buddha Nagar (Uttar Pradesh),4. Gems And Jewellery,"Readymade Garments, Basmati Rice, Meat, Electronic Goods, Engineering Goods",104.24
61,Gautam Buddha Nagar (Uttar Pradesh),5. Handicrafts Excl. Hand Made Carpet,"Readymade Garments, Basmati Rice, Meat, Electronic Goods, Engineering Goods",98.42
62,Total of top 5 commodities,Total of top 5 commodities,Total of top 5 commodities,3063.62
63,Total export of District,Total export of District,Total export of District,3769.42
64,Bengaluru Urban (Karnataka),1. Engineering Goods,"Processed Foods, Vegetables and Flowers, Engineering Machine tools/ Automobile & Auto components/ Aerospace components / Precision components, Earth moving machinery, Defence manufacturing, Electrical machinery, etc., ESDM products. Pharma & Biotech, Electrical machinery, Plant extracts, FIBC bags & packaging products, Readymade garments/Textiles. Services-Hospital/ Health/ Wellness/ Educational, Engineering Services, Global Research & Development, Hub for manufacturing/ Global Development Centre, IT/ITES.",1120.59
65,Bengaluru Urban (Karnataka),2. Electronic Goods,"Processed Foods, Vegetables and Flowers, Engineering Machine tools/ Automobile & Auto components/ Aerospace components / Precision components, Earth moving machinery, Defence manufacturing, Electrical machinery, etc., ESDM products. Pharma & Biotech, Electrical machinery, Plant extracts, FIBC bags & packaging products, Readymade garments/Textiles. Services-Hospital/ Health/ Wellness/ Educational, Engineering Services, Global Research & Development, Hub for manufacturing/ Global Development Centre, IT/ITES.",900.33
66,Bengaluru Urban (Karnataka),3. Rmg Of All Textiles,"Processed Foods, Vegetables and Flowers, Engineering Machine tools/ Automobile & Auto components/ Aerospace components / Precision components, Earth moving machinery, Defence manufacturing, Electrical machinery, etc., ESDM products. Pharma & Biotech, Electrical machinery, Plant extracts, FIBC bags & packaging products, Readymade garments/Textiles. Services-Hospital/ Health/ Wellness/ Educational, Engineering Services, Global Research & Development, Hub for manufacturing/ Global Development Centre, IT/ITES.",607.79
67,Bengaluru Urban (Karnataka),4. Drugs And Pharmaceuticals,"Processed Foods, Vegetables and Flowers, Engineering Machine tools/ Automobile & Auto components/ Aerospace components / Precision components, Earth moving machinery, Defence manufacturing, Electrical machinery, etc., ESDM products. Pharma & Biotech, Electrical machinery, Plant extracts, FIBC bags & packaging products, Readymade garments/Textiles. Services-Hospital/ Health/ Wellness/ Educational, Engineering Services, Global Research & Development, Hub for manufacturing/ Global Development Centre, IT/ITES.",445.91
68,Bengaluru Urban (Karnataka),5. Organic And Inorganic Chemicals,"Processed Foods, Vegetables and Flowers, Engineering Machine tools/ Automobile & Auto components/ Aerospace components / Precision components, Earth moving machinery, Defence manufacturing, Electrical machinery, etc., ESDM products. Pharma & Biotech, Electrical machinery, Plant extracts, FIBC bags & packaging products, Readymade garments/Textiles. Services-Hospital/ Health/ Wellness/ Educational, Engineering Services, Global Research & Development, Hub for manufacturing/ Global Development Centre, IT/ITES.",208.47
69,Total of top 5 commodities,Total of top 5 commodities,Total of top 5 commodities,3283.09
70,Total export of District,Total export of District,Total export of District,3749.18
71,Devbhumi Dwarka (Gujarat),1. Petroleum Products,Marine & Fisheries,3676.8
72,Devbhumi Dwarka (Gujarat),2. Organic And Inorganic Chemicals,Marine & Fisheries,4.79
73,Devbhumi Dwarka (Gujarat),3. Marine Products,Marine & Fisheries,2.97
74,Devbhumi Dwarka (Gujarat),4. Engineering Goods,Marine & Fisheries,2.08
75,Devbhumi Dwarka (Gujarat),5. Ceramic Products And Glassware,Marine & Fisheries,0.92
76,Total of top 5 commodities,Total of top 5 commodities,Total of top 5 commodities,3687.56
77,Total export of District,Total export of District,Total export of District,3688.76
78,Kutch (Gujarat),1. Engineering Goods,"Mango, Kutch Embroidery, Kutch Shawls, Marine Products, Castor",821.72
79,Kutch (Gujarat),2. Organic And Inorganic Chemicals,"Mango, Kutch Embroidery, Kutch Shawls, Marine Products, Castor",477.16
80,Kutch (Gujarat),3. Rice,"Mango, Kutch Embroidery, Kutch Shawls, Marine Products, Castor",391.44
81,Kutch (Gujarat),"4. Cotton Yarn/Fabs./Madeups, Handloom Products Etc.","Mango, Kutch Embroidery, Kutch Shawls, Marine Products, Castor",331.5
82,Kutch (Gujarat),"5. Mica, Coal And Other Ores, Minerals Including Process","Mango, Kutch Embroidery, Kutch Shawls, Marine Products, Castor",191.56
83,Total of top 5 commodities,Total of top 5 commodities,Total of top 5 commodities,2213.38
84,Total export of District,Total export of District,Total export of District,3448.67
85,Thane (Maharashtra),1. Engineering Goods,"Chemicals, Plastics related, Pharmaceuticals, Engineering, Textiles, Plastics related, Transport and Logistics Services, Information Technology & Information Technology enabled Services (IT & ITeS), Communication Services (Audio Visual Services - Motion picture and Video Tape production and distribution service), Management consulting Services, Engineering Services",1051.52
86,Thane (Maharashtra),2. Organic And Inorganic Chemicals,"Chemicals, Plastics related, Pharmaceuticals, Engineering, Textiles, Plastics related, Transport and Logistics Services, Information Technology & Information Technology enabled Services (IT & ITeS), Communication Services (Audio Visual Services - Motion picture and Video Tape production and distribution service), Management consulting Services, Engineering Services",452.62
87,Thane (Maharashtra),3. Drugs And Pharmaceuticals,"Chemicals, Plastics related, Pharmaceuticals, Engineering, Textiles, Plastics related, Transport and Logistics Services, Information Technology & Information Technology enabled Services (IT & ITeS), Communication Services (Audio Visual Services - Motion picture and Video Tape production and distribution service), Management consulting Services, Engineering Services",329.61
88,Thane (Maharashtra),"4. Cotton Yarn/Fabs./Madeups, Handloom Products Etc.","Chemicals, Plastics related, Pharmaceuticals, Engineering, Textiles, Plastics related, Transport and Logistics Services, Information Technology & Information Technology enabled Services (IT & ITeS), Communication Services (Audio Visual Services - Motion picture and Video Tape production and distribution service), Management consulting Services, Engineering Services",192.02
89,Thane (Maharashtra),5. Rmg Of All Textiles,"Chemicals, Plastics related, Pharmaceuticals, Engineering, Textiles, Plastics related, Transport and Logistics Services, Information Technology & Information Technology enabled Services (IT & ITeS), Communication Services (Audio Visual Services - Motion picture and Video Tape production and distribution service), Management consulting Services, Engineering Services",157.58
90,Total of top 5 commodities,Total of top 5 commodities,Total of top 5 commodities,2183.35
91,Total export of District,Total export of District,Total export of District,3023.22
92,Visakhapatnam (Andhra Pradesh),1. Engineering Goods,"Coconut based products, Alloy wheels, Cashew, Black Pepper, Sea foods, Turmeric, Honey, Handicrafts like Etikoppakka Toys, Minerals and Mineral Based Products (Apatite, Crystalline Lime Stone, Quartz, Vermiculite, White Clay, Ruby, Mica, Calcite, Red and Yellow Ochre), Silver Oak wood, Araku Coffee, Ginger Powder, Etikoppaka Toys",845.96
93,Visakhapatnam (Andhra Pradesh),2. Organic And Inorganic Chemicals,"Coconut based products, Alloy wheels, Cashew, Black Pepper, Sea foods, Turmeric, Honey, Handicrafts like Etikoppakka Toys, Minerals and Mineral Based Products (Apatite, Crystalline Lime Stone, Quartz, Vermiculite, White Clay, Ruby, Mica, Calcite, Red and Yellow Ochre), Silver Oak wood, Araku Coffee, Ginger Powder, Etikoppaka Toys",777.27
94,Visakhapatnam (Andhra Pradesh),3. Drugs And Pharmaceuticals,"Coconut based products, Alloy wheels, Cashew, Black Pepper, Sea foods, Turmeric, Honey, Handicrafts like Etikoppakka Toys, Minerals and Mineral Based Products (Apatite, Crystalline Lime Stone, Quartz, Vermiculite, White Clay, Ruby, Mica, Calcite, Red and Yellow Ochre), Silver Oak wood, Araku Coffee, Ginger Powder, Etikoppaka Toys",469.45
95,Visakhapatnam (Andhra Pradesh),4. Marine Products,"Coconut based products, Alloy wheels, Cashew, Black Pepper, Sea foods, Turmeric, Honey, Handicrafts like Etikoppakka Toys, Minerals and Mineral Based Products (Apatite, Crystalline Lime Stone, Quartz, Vermiculite, White Clay, Ruby, Mica, Calcite, Red and Yellow Ochre), Silver Oak wood, Araku Coffee, Ginger Powder, Etikoppaka Toys",239.71
96,Visakhapatnam (Andhra Pradesh),5. Petroleum Products,"Coconut based products, Alloy wheels, Cashew, Black Pepper, Sea foods, Turmeric, Honey, Handicrafts like Etikoppakka Toys, Minerals and Mineral Based Products (Apatite, Crystalline Lime Stone, Quartz, Vermiculite, White Clay, Ruby, Mica, Calcite, Red and Yellow Ochre), Silver Oak wood, Araku Coffee, Ginger Powder, Etikoppaka Toys",137.76
97,Total of top 5 commodities,Total of top 5 commodities,Total of top 5 commodities,2470.15
98,Total export of District,Total export of District,Total export of District,2755.02
99,Raigad (Maharashtra),1. Engineering Goods,"Iron & Steel Products, Chemicals, Pharmaceuticals, Engineering, Fisheries, Marine & Food Processing, Ganesh Idol (Handicraft), Transport and Logistics Services, Information Technology & Information Technology enabled Services (IT & ITeS), Tourism and Hospitality Services, Education Services",920.64
100,Raigad (Maharashtra),2. Organic And Inorganic Chemicals,"Iron & Steel Products, Chemicals, Pharmaceuticals, Engineering, Fisheries, Marine & Food Processing, Ganesh Idol (Handicraft), Transport and Logistics Services, Information Technology & Information Technology enabled Services (IT & ITeS), Tourism and Hospitality Services, Education Services",572.19
101,Raigad (Maharashtra),3. Drugs And Pharmaceuticals,"Iron & Steel Products, Chemicals, Pharmaceuticals, Engineering, Fisheries, Marine & Food Processing, Ganesh Idol (Handicraft), Transport and Logistics Services, Information Technology & Information Technology enabled Services (IT & ITeS), Tourism and Hospitality Services, Education Services",188.1
102,Raigad (Maharashtra),4. Plastic And Linoleum,"Iron & Steel Products, Chemicals, Pharmaceuticals, Engineering, Fisheries, Marine & Food Processing, Ganesh Idol (Handicraft), Transport and Logistics Services, Information Technology & Information Technology enabled Services (IT & ITeS), Tourism and Hospitality Services, Education Services",164.12
103,Raigad (Maharashtra),"5. Meat, Dairy And Poultry Products","Iron & Steel Products, Chemicals, Pharmaceuticals, Engineering, Fisheries, Marine & Food Processing, Ganesh Idol (Handicraft), Transport and Logistics Services, Information Technology & Information Technology enabled Services (IT & ITeS), Tourism and Hospitality Services, Education Services",153.49
104,Total of top 5 commodities,Total of top 5 commodities,Total of top 5 commodities,1998.54
105,Total export of District,Total export of District,Total export of District,2675.44
106,Chennai (Tamil Nadu),1. Engineering Goods,"Biotechnology, Food processing, Marine products, Jewellery products, Apparels, Software and software services",758.57
107,Chennai (Tamil Nadu),2. Petroleum Products,"Biotechnology, Food processing, Marine products, Jewellery products, Apparels, Software and software services",344.39
108,Chennai (Tamil Nadu),3. Leather And Leather Manufactures,"Biotechnology, Food processing, Marine products, Jewellery products, Apparels, Software and software services",294.42
109,Chennai (Tamil Nadu),4. Gems And Jewellery,"Biotechnology, Food processing, Marine products, Jewellery products, Apparels, Software and software services",259.32
110,Chennai (Tamil Nadu),5. Rmg Of All Textiles,"Biotechnology, Food processing, Marine products, Jewellery products, Apparels, Software and software services",148.16
111,Total of top 5 commodities,Total of top 5 commodities,Total of top 5 commodities,1804.86
112,Total export of District,Total export of District,Total export of District,2563.29
113,Dakshina Kannada (Karnataka),1. Petroleum Products,"Cashew nuts (Ullal 1,2,3) and Spices, Marine products, Jack Fruit, Plastic components, Light Engineering (Auto components, Electrical, Plastic machinery etc.), Tourism, Value added plastic items( Woven Sacks/FIBC), optical items, Moulded& extracted items, packaging items, plastic components.",1266.19
114,Dakshina Kannada (Karnataka),2. Organic And Inorganic Chemicals,"Cashew nuts (Ullal 1,2,3) and Spices, Marine products, Jack Fruit, Plastic components, Light Engineering (Auto components, Electrical, Plastic machinery etc.), Tourism, Value added plastic items( Woven Sacks/FIBC), optical items, Moulded& extracted items, packaging items, plastic components.",767.47
115,Dakshina Kannada (Karnataka),3. Iron Ore,"Cashew nuts (Ullal 1,2,3) and Spices, Marine products, Jack Fruit, Plastic components, Light Engineering (Auto components, Electrical, Plastic machinery etc.), Tourism, Value added plastic items( Woven Sacks/FIBC), optical items, Moulded& extracted items, packaging items, plastic components.",243.08
116,Dakshina Kannada (Karnataka),4. Marine Products,"Cashew nuts (Ullal 1,2,3) and Spices, Marine products, Jack Fruit, Plastic components, Light Engineering (Auto components, Electrical, Plastic machinery etc.), Tourism, Value added plastic items( Woven Sacks/FIBC), optical items, Moulded& extracted items, packaging items, plastic components.",52.6
117,Dakshina Kannada (Karnataka),5. Engineering Goods,"Cashew nuts (Ullal 1,2,3) and Spices, Marine products, Jack Fruit, Plastic components, Light Engineering (Auto components, Electrical, Plastic machinery etc.), Tourism, Value added plastic items( Woven Sacks/FIBC), optical items, Moulded& extracted items, packaging items, plastic components.",39.6
118,Total of top 5 commodities,Total of top 5 commodities,Total of top 5 commodities,2368.94
119,Total export of District,Total export of District,Total export of District,2488.41
120,East Godavari (Andhra Pradesh),1. Engineering Goods,"Coir and Coir Products, Rice, Sugar, Frozen Shrimp, Coir Fibre and Coir Pith, Uppada Jamdani Sarees",1495.16
121,East Godavari (Andhra Pradesh),2. Marine Products,"Coir and Coir Products, Rice, Sugar, Frozen Shrimp, Coir Fibre and Coir Pith, Uppada Jamdani Sarees",342.89
122,East Godavari (Andhra Pradesh),3. Rice,"Coir and Coir Products, Rice, Sugar, Frozen Shrimp, Coir Fibre and Coir Pith, Uppada Jamdani Sarees",305.78
123,East Godavari (Andhra Pradesh),4. Electronic Goods,"Coir and Coir Products, Rice, Sugar, Frozen Shrimp, Coir Fibre and Coir Pith, Uppada Jamdani Sarees",40.1
124,East Godavari (Andhra Pradesh),"5. Meat, Dairy And Poultry Products","Coir and Coir Products, Rice, Sugar, Frozen Shrimp, Coir Fibre and Coir Pith, Uppada Jamdani Sarees",13.05
125,Total of top 5 commodities,Total of top 5 commodities,Total of top 5 commodities,2196.98
126,Total export of District,Total export of District,Total export of District,2427.22
127,Gurugram (Haryana),1. Engineering Goods,Home Furnishing & Engineering Goods,1186.03
128,Gurugram (Haryana),2. Rmg Of All Textiles,Home Furnishing & Engineering Goods,533.66
129,Gurugram (Haryana),3. Electronic Goods,Home Furnishing & Engineering Goods,124.85
130,Gurugram (Haryana),4. Leather And Leather Manufactures,Home Furnishing & Engineering Goods,85.06
131,Gurugram (Haryana),"5. Cotton Yarn/Fabs./Madeups, Handloom Products Etc.",Home Furnishing & Engineering Goods,67.28
132,Total of top 5 commodities,Total of top 5 commodities,Total of top 5 commodities,1996.88
133,Total export of District,Total export of District,Total export of District,2366.98
134,Tiruppur (Tamil Nadu),1. Rmg Of All Textiles,Hosiery Garments & Apparels,1846.14
135,Tiruppur (Tamil Nadu),"2. Cotton Yarn/Fabs./Madeups, Handloom Products Etc.",Hosiery Garments & Apparels,178.14
136,Tiruppur (Tamil Nadu),3. Organic And Inorganic Chemicals,Hosiery Garments & Apparels,36.38
137,Tiruppur (Tamil Nadu),4. Engineering Goods,Hosiery Garments & Apparels,15.03
138,Tiruppur (Tamil Nadu),5. Plastic And Linoleum,Hosiery Garments & Apparels,8.57
139,Total of top 5 commodities,Total of top 5 commodities,Total of top 5 commodities,2084.26
140,Total export of District,Total export of District,Total export of District,2143.14
141,Kolkata (West Bengal),1. Gems And Jewellery,"Lychee, Malda Laxman Bhog Mango, Malda Khirsapati (Himsagar) Mango, Malda Fazli Mango",529.11
142,Kolkata (West Bengal),2. Engineering Goods,"Lychee, Malda Laxman Bhog Mango, Malda Khirsapati (Himsagar) Mango, Malda Fazli Mango",409.47
143,Kolkata (West Bengal),3. Leather And Leather Manufactures,"Lychee, Malda Laxman Bhog Mango, Malda Khirsapati (Himsagar) Mango, Malda Fazli Mango",263.21
144,Kolkata (West Bengal),4. Marine Products,"Lychee, Malda Laxman Bhog Mango, Malda Khirsapati (Himsagar) Mango, Malda Fazli Mango",149.71
145,Kolkata (West Bengal),5. Rmg Of All Textiles,"Lychee, Malda Laxman Bhog Mango, Malda Khirsapati (Himsagar) Mango, Malda Fazli Mango",84.64
146,Total of top 5 commodities,Total of top 5 commodities,Total of top 5 commodities,1436.14
147,Total export of District,Total export of District,Total export of District,2125.5
148,Vadodara (Gujarat),1. Engineering Goods,"Pharmaceuticals, Engineering",583.44
149,Vadodara (Gujarat),2. Organic And Inorganic Chemicals,"Pharmaceuticals, Engineering",461.69
150,Vadodara (Gujarat),3. Drugs And Pharmaceuticals,"Pharmaceuticals, Engineering",220.65
151,Vadodara (Gujarat),4. Petroleum Products,"Pharmaceuticals, Engineering",170.69
152,Vadodara (Gujarat),5. Plastic And Linoleum,"Pharmaceuticals, Engineering",127.52
153,Total of top 5 commodities,Total of top 5 commodities,Total of top 5 commodities,1563.99
154,Total export of District,Total export of District,Total export of District,2010.32
155,Valsad (Gujarat),1. Organic And Inorganic Chemicals,"Chemical and paper, Mango, Marine Products",643.9
156,Valsad (Gujarat),2. Engineering Goods,"Chemical and paper, Mango, Marine Products",297.87
157,Valsad (Gujarat),"3. Cotton Yarn/Fabs./Madeups, Handloom Products Etc.","Chemical and paper, Mango, Marine Products",222.27
158,Valsad (Gujarat),4. Plastic And Linoleum,"Chemical and paper, Mango, Marine Products",177.37
159,Valsad (Gujarat),5. Drugs And Pharmaceuticals,"Chemical and paper, Mango, Marine Products",140.26
160,Total of top 5 commodities,Total of top 5 commodities,Total of top 5 commodities,1481.67
161,Total export of District,Total export of District,Total export of District,1970.23
162,Jharsuguda (Odisha),1. Engineering Goods,"Aluminium, Products, Chilly, Ginger",1949.61
163,Jharsuguda (Odisha),2. Ceramic Products And Glassware,"Aluminium, Products, Chilly, Ginger",16.12
164,Jharsuguda (Odisha),3. Organic And Inorganic Chemicals,"Aluminium, Products, Chilly, Ginger",1.78
165,Jharsuguda (Odisha),4. Others,"Aluminium, Products, Chilly, Ginger",0.06
166,Jharsuguda (Odisha),"5. Mica, Coal And Other Ores, Minerals Including Process","Aluminium, Products, Chilly, Ginger",0.01
167,Total of top 5 commodities,Total of top 5 commodities,Total of top 5 commodities,1967.58
168,Total export of District,Total export of District,Total export of District,1967.59
169,Dadra and Nagar Haveli,1. Man-Made Yarn/Fabs./Madeups Etc.,"Yarn, Fabrics, Pharmaceuticals, Cables, Rubber, Plastic Products, Readymade garments, Engineering products",418.37
170,Dadra and Nagar Haveli,2. Engineering Goods,"Yarn, Fabrics, Pharmaceuticals, Cables, Rubber, Plastic Products, Readymade garments, Engineering products",403.13
171,Dadra and Nagar Haveli,3. Plastic And Linoleum,"Yarn, Fabrics, Pharmaceuticals, Cables, Rubber, Plastic Products, Readymade garments, Engineering products",385.18
172,Dadra and Nagar Haveli,4. Drugs And Pharmaceuticals,"Yarn, Fabrics, Pharmaceuticals, Cables, Rubber, Plastic Products, Readymade garments, Engineering products",182.17
173,Dadra and Nagar Haveli,5. Organic And Inorganic Chemicals,"Yarn, Fabrics, Pharmaceuticals, Cables, Rubber, Plastic Products, Readymade garments, Engineering products",119.3
174,Total of top 5 commodities,Total of top 5 commodities,Total of top 5 commodities,1508.15
175,Total export of District,Total export of District,Total export of District,1843.43
176,Bellary (Karnataka),1. Engineering Goods,"Granite, Jeans Pant, Apparels Jute products, Engineering products, Electrical Machinery and Transport Equipment, Engineering/Iron ore based value added products, Pomegranate, Chilies",1714.84
177,Bellary (Karnataka),2. Rice,"Granite, Jeans Pant, Apparels Jute products, Engineering products, Electrical Machinery and Transport Equipment, Engineering/Iron ore based value added products, Pomegranate, Chilies",15.26
178,Bellary (Karnataka),"3. Mica, Coal And Other Ores, Minerals Including Process","Granite, Jeans Pant, Apparels Jute products, Engineering products, Electrical Machinery and Transport Equipment, Engineering/Iron ore based value added products, Pomegranate, Chilies",12.93
179,Bellary (Karnataka),4. Fruits And Vegetables,"Granite, Jeans Pant, Apparels Jute products, Engineering products, Electrical Machinery and Transport Equipment, Engineering/Iron ore based value added products, Pomegranate, Chilies",6.4
180,Bellary (Karnataka),5. Organic And Inorganic Chemicals,"Granite, Jeans Pant, Apparels Jute products, Engineering products, Electrical Machinery and Transport Equipment, Engineering/Iron ore based value added products, Pomegranate, Chilies",5.55
181,Total of top 5 commodities,Total of top 5 commodities,Total of top 5 commodities,1754.98
182,Total export of District,Total export of District,Total export of District,1769.36
183,Aurangabad (Maharashtra),1. Engineering Goods,"Engineering, Pharmaceuticals and Agriculture products, Engineering services, Paithani Sarees and Fabrics, Marathwada Kesar Mango, Beed Custard Apple",1062.07
184,Aurangabad (Maharashtra),2. Drugs And Pharmaceuticals,"Engineering, Pharmaceuticals and Agriculture products, Engineering services, Paithani Sarees and Fabrics, Marathwada Kesar Mango, Beed Custard Apple",217.39
185,Aurangabad (Maharashtra),3. Plastic And Linoleum,"Engineering, Pharmaceuticals and Agriculture products, Engineering services, Paithani Sarees and Fabrics, Marathwada Kesar Mango, Beed Custard Apple",149.9
186,Aurangabad (Maharashtra),4. Organic And Inorganic Chemicals,"Engineering, Pharmaceuticals and Agriculture products, Engineering services, Paithani Sarees and Fabrics, Marathwada Kesar Mango, Beed Custard Apple",43.69
187,Aurangabad (Maharashtra),"5. Meat, Dairy And Poultry Products","Engineering, Pharmaceuticals and Agriculture products, Engineering services, Paithani Sarees and Fabrics, Marathwada Kesar Mango, Beed Custard Apple",41.53
188,Total of top 5 commodities,Total of top 5 commodities,Total of top 5 commodities,1514.58
189,Total export of District,Total export of District,Total export of District,1734.22
190,Palghar (Maharashtra),1. Engineering Goods,"Chemicals, “Chikoo” (Sapodilla), Pharmaceuticals, Iron & Steel and Engineering Products, Textiles, Plastics related, Fisheries, Marine & Food Processing, Fruits & vegetables, Warli Painting (Handicraft) Focus Services - Tourism and Hospitality Services, Transport and Logistics Services",913.11
191,Palghar (Maharashtra),2. Drugs And Pharmaceuticals,"Chemicals, “Chikoo” (Sapodilla), Pharmaceuticals, Iron & Steel and Engineering Products, Textiles, Plastics related, Fisheries, Marine & Food Processing, Fruits & vegetables, Warli Painting (Handicraft) Focus Services - Tourism and Hospitality Services, Transport and Logistics Services",246.77
192,Palghar (Maharashtra),3. Organic And Inorganic Chemicals,"Chemicals, “Chikoo” (Sapodilla), Pharmaceuticals, Iron & Steel and Engineering Products, Textiles, Plastics related, Fisheries, Marine & Food Processing, Fruits & vegetables, Warli Painting (Handicraft) Focus Services - Tourism and Hospitality Services, Transport and Logistics Services",168.62
193,Palghar (Maharashtra),4. Man-Made Yarn/Fabs./Madeups Etc.,"Chemicals, “Chikoo” (Sapodilla), Pharmaceuticals, Iron & Steel and Engineering Products, Textiles, Plastics related, Fisheries, Marine & Food Processing, Fruits & vegetables, Warli Painting (Handicraft) Focus Services - Tourism and Hospitality Services, Transport and Logistics Services",65.01
194,Palghar (Maharashtra),5. Plastic And Linoleum,"Chemicals, “Chikoo” (Sapodilla), Pharmaceuticals, Iron & Steel and Engineering Products, Textiles, Plastics related, Fisheries, Marine & Food Processing, Fruits & vegetables, Warli Painting (Handicraft) Focus Services - Tourism and Hospitality Services, Transport and Logistics Services",53.08
195,Total of top 5 commodities,Total of top 5 commodities,Total of top 5 commodities,1446.59
196,Total export of District,Total export of District,Total export of District,1636.5
197,Coimbatore (Tamil Nadu),1. Engineering Goods,"Engineering Products such as Foundry, Motors & Pumps, Automobile Engineering Components, Iron Castings, Aluminium Castings, Wet Grinders & Home Appliances, Textiles such as Yarn & Fabrics, Poultry Products, Vegetables, Coconut & Coir Products, Kovai Kora Cotton Sarees, Coimbatore Wet Grinder ( Banana)",767.38
198,Coimbatore (Tamil Nadu),"2. Cotton Yarn/Fabs./Madeups, Handloom Products Etc.","Engineering Products such as Foundry, Motors & Pumps, Automobile Engineering Components, Iron Castings, Aluminium Castings, Wet Grinders & Home Appliances, Textiles such as Yarn & Fabrics, Poultry Products, Vegetables, Coconut & Coir Products, Kovai Kora Cotton Sarees, Coimbatore Wet Grinder ( Banana)",232.4
199,Coimbatore (Tamil Nadu),3. Rmg Of All Textiles,"Engineering Products such as Foundry, Motors & Pumps, Automobile Engineering Components, Iron Castings, Aluminium Castings, Wet Grinders & Home Appliances, Textiles such as Yarn & Fabrics, Poultry Products, Vegetables, Coconut & Coir Products, Kovai Kora Cotton Sarees, Coimbatore Wet Grinder ( Banana)",84.58
200,Coimbatore (Tamil Nadu),4. Tea,"Engineering Products such as Foundry, Motors & Pumps, Automobile Engineering Components, Iron Castings, Aluminium Castings, Wet Grinders & Home Appliances, Textiles such as Yarn & Fabrics, Poultry Products, Vegetables, Coconut & Coir Products, Kovai Kora Cotton Sarees, Coimbatore Wet Grinder ( Banana)",56.58
201,Coimbatore (Tamil Nadu),5. Organic And Inorganic Chemicals,"Engineering Products such as Foundry, Motors & Pumps, Automobile Engineering Components, Iron Castings, Aluminium Castings, Wet Grinders & Home Appliances, Textiles such as Yarn & Fabrics, Poultry Products, Vegetables, Coconut & Coir Products, Kovai Kora Cotton Sarees, Coimbatore Wet Grinder ( Banana)",39.74
202,Total of top 5 commodities,Total of top 5 commodities,Total of top 5 commodities,1180.68
203,Total export of District,Total export of District,Total export of District,1489.44
204,Jaipur (Rajasthan),1. Gems And Jewellery,"Gems & Jewellery, Garments, Furniture, Services Exports and others, Toys, Blue Pottery of Jaipur",419.24
205,Jaipur (Rajasthan),2. Engineering Goods,"Gems & Jewellery, Garments, Furniture, Services Exports and others, Toys, Blue Pottery of Jaipur",243.95
206,Jaipur (Rajasthan),3. Rmg Of All Textiles,"Gems & Jewellery, Garments, Furniture, Services Exports and others, Toys, Blue Pottery of Jaipur",109.42
207,Jaipur (Rajasthan),"4. Mica, Coal And Other Ores, Minerals Including Process","Gems & Jewellery, Garments, Furniture, Services Exports and others, Toys, Blue Pottery of Jaipur",94.12
208,Jaipur (Rajasthan),"5. Cotton Yarn/Fabs./Madeups, Handloom Products Etc.","Gems & Jewellery, Garments, Furniture, Services Exports and others, Toys, Blue Pottery of Jaipur",49.6
209,Total of top 5 commodities,Total of top 5 commodities,Total of top 5 commodities,916.33
210,Total export of District,Total export of District,Total export of District,1380.09